,FSA,Mean,Std,Year,dist
0,M1B,427.60869565217394,656.1347117203795,1991,1.5344278972616907
1,M1C,146.9047619047619,219.1133441768709,1991,1.4915332990970143
2,M1E,195.1851851851852,220.14087022514522,1991,1.1278564508688653
3,M1G,235.41666666666666,231.07500886556775,1991,0.9815575597829427
4,M1H,127.27272727272727,122.83328754423869,1991,0.9651186878475897
5,M1J,300.4166666666667,292.6705936524694,1991,0.9742155683299951
6,M1K,404.4,573.0799595169947,1991,1.4171116704178899
7,M1L,213.86363636363637,275.55700539659756,1991,1.2884705884644305
8,M1M,106.36363636363636,103.05759442464704,1991,0.9689175544197585
9,M1N,107.10526315789474,132.935637270484,1991,1.241168112107713
10,M1P,229.6,269.7291975296704,1991,1.174778734885324
11,M1R,180.2,192.766594616391,1991,1.0697369290587735
12,M1S,472.17391304347825,1492.0520055097136,1991,3.1599628109321745
13,M1T,315.90909090909093,679.6834764058735,1991,2.15151604042147
14,M1V,911.5217391304348,3175.6976072991697,1991,3.483951584444594
15,M1W,704.5833333333334,1993.362379596065,1991,2.8291364346721206
16,M1X,41.666666666666664,30.505008696205213,1991,0.7321202087089251
17,M2H,303.75,822.6155567254164,1991,2.7081993637050745
18,M2J,546.4814814814815,952.9999560984938,1991,1.7438833490111374
19,M2K,110.95238095238095,264.79380588901273,1991,2.3865536153086984
20,M2L,82.75,152.3603869120842,1991,1.841213134889235
21,M2M,263.8,462.52195623559334,1991,1.7533053685958806
22,M2N,229.4,473.6841141520373,1991,2.064882799267817
23,M2P,37.5,46.11127844681819,1991,1.2296340919151518
24,M2R,461.8,894.425938800972,1991,1.9368253330467127
25,M3A,251.95652173913044,259.6098206524669,1991,1.0303754745481861
26,M3B,94.5,205.85735352423046,1991,2.1783846933781
27,M3C,366.6666666666667,475.2309380127144,1991,1.2960843763983119
28,M3H,272.82608695652175,326.2028779461338,1991,1.1956440147826417
29,M3J,273.8,577.9641511374216,1991,2.1108990180329497
30,M3K,123.05555555555556,287.736081277854,1991,2.3382616085784975
31,M3L,336.6666666666667,924.3122711525444,1991,2.745481993522409
32,M3M,321.6666666666667,652.716545591491,1991,2.0291706080564484
33,M3N,676.7307692307693,967.1816135910767,1991,1.4291970419646487
34,M4A,116.95652173913044,133.74813391981263,1991,1.1435714052623385
35,M4B,116.5,139.32964508675101,1991,1.195962618770395
36,M4C,335.96153846153845,593.6037580723635,1991,1.7668801041650202
37,M4E,92.33333333333333,132.63818789808948,1991,1.4365146703764204
38,M4G,39.375,52.67456098535611,1991,1.3377666281995202
39,M4H,157.6315789473684,224.8997930134817,1991,1.4267432611873632
40,M4J,418.8,841.2612911575095,1991,2.0087423380074245
41,M4K,316.0,679.9294081005763,1991,2.1516753420904315
42,M4L,250.0,739.0565238562916,1991,2.9562260954251665
43,M4M,482.3333333333333,1330.5135182410672,1991,2.758493818053353
44,M4N,42.05882352941177,40.25867913474982,1991,0.9571993640430027
45,M4P,45.0,46.29100498862757,1991,1.0286889997472792
46,M4R,40.9375,32.41424985635176,1991,0.7917984697734781
47,M4S,73.0,85.76712656956627,1991,1.1748921447885792
48,M4T,25.454545454545453,29.57690633635898,1991,1.1619498917855315
49,M4V,50.3125,38.98993259483786,1991,0.7749551820091997
50,M4W,37.27272727272727,35.50695427170419,1991,0.9526256024115758
51,M4X,235.0,387.12947545909077,1991,1.6473594700386842
52,M4Y,110.6,215.56122100229445,1991,1.9490164647585393
53,M5A,239.23076923076923,519.5887654742937,1991,2.171914453751067
54,M5B,61.785714285714285,121.17883983802533,1991,1.9612760204998319
55,M5C,28.333333333333332,8.498365855987975,1991,0.2999423243289874
56,M5E,31.0,21.77154105707724,1991,0.7023077760347497
57,M5G,64.16666666666667,125.52943435262063,1991,1.9563028730278538
58,M5H,31.25,17.09349291397168,1991,0.5469917732470938
59,M5J,66.66666666666667,93.83792173506164,1991,1.4075688260259245
60,M5L,60.0,0.0,1991,0.0
61,M5M,94.41176470588235,97.82761478505378,1991,1.0361803435177037
62,M5N,49.166666666666664,48.22545432076762,1991,0.9808566980495109
63,M5P,42.22222222222222,38.59412096212979,1991,0.9140712859451793
64,M5R,119.04761904761905,156.6966970784115,1991,1.3162522554586564
65,M5S,132.6315789473684,246.29554572682656,1991,1.856990225718137
66,M5T,488.75,1299.3910833540456,1991,2.6586006820543133
67,M5V,74.0909090909091,86.22956099901381,1991,1.1638345656308613
68,M5W,20.0,0.0,1991,0.0
69,M6A,162.5,250.6516507027233,1991,1.5424716966321432
70,M6B,281.0,494.422895909969,1991,1.7595120850888577
71,M6C,242.14285714285714,334.46678042951345,1991,1.3812787392369288
72,M6E,624.4230769230769,1536.1742732935593,1991,2.4601497447263654
73,M6G,605.0,1152.92539070043,1991,1.905661802810628
74,M6H,940.2083333333334,2287.314418322039,1991,2.432774032338973
75,M6J,751.3636363636364,2107.539594051763,1991,2.804952877745843
76,M6K,492.0,838.842059031377,1991,1.7049635346166199
77,M6L,332.39130434782606,817.2127464545961,1991,2.4585864183722315
78,M6M,369.2,590.7904535450787,1991,1.600190827586887
79,M6N,528.0,811.6452427015142,1991,1.5372068990558982
80,M6P,365.1923076923077,496.53119967281077,1991,1.3596430954705718
81,M6R,217.08333333333334,435.35166978993993,1991,2.0054587475928134
82,M6S,280.45454545454544,412.3158241481585,1991,1.470169875406724
83,M8V,217.85714285714286,408.72208344619526,1991,1.8761013666382733
84,M8W,177.61904761904762,228.40346010857445,1991,1.2859176038284352
85,M8X,47.69230769230769,45.47253543942696,1991,0.9534563882460492
86,M8Y,237.05882352941177,369.35977528504094,1991,1.5580933448748624
87,M8Z,176.47058823529412,268.546001678113,1991,1.5217606761759737
88,M9A,176.25,213.18639145123686,1991,1.209568178446734
89,M9B,211.5909090909091,247.9662108746617,1991,1.1719133489242872
90,M9C,211.4,268.46049988778606,1991,1.269917218012233
91,M9L,306.0,821.2027764200508,1991,2.683669203987094
92,M9M,357.10526315789474,579.4764329013636,1991,1.6227048231578347
93,M9N,170.0,259.4866727470475,1991,1.5263921926296913
94,M9P,253.88888888888889,325.85168556822646,1991,1.2834420875772596
95,M9R,327.5,535.580651830688,1991,1.6353607689486656
96,M9V,525.1851851851852,743.2828601218324,1991,1.415277660316606
97,M9W,255.8,308.8678681896191,1991,1.2074584370196213
0,M1B,487.3333333333333,963.3584771805122,1996,1.9767957808081646
1,M1C,118.75,224.0779719204902,1996,1.8869723951199175
2,M1E,189.87179487179486,282.5626483279624,1996,1.4881760006469322
3,M1G,227.35294117647058,411.2163365340997,1996,1.8087135112754709
4,M1H,152.90322580645162,243.1804526894366,1996,1.5904206821461044
5,M1J,239.625,455.3026294400242,1996,1.900063137986538
6,M1K,380.81081081081084,726.2431220435474,1996,1.9070969138120122
7,M1L,207.5,316.2302365366095,1996,1.5240011399354674
8,M1M,88.87096774193549,91.15486359557558,1996,1.0256990096053875
9,M1N,65.0,115.6615156691998,1996,1.7794079333723047
10,M1P,241.7948717948718,403.47923909906183,1996,1.668684021724646
11,M1R,165.52631578947367,227.25706946818772,1996,1.3729361907458082
12,M1S,425.78125,1715.575299541946,1996,4.029241070483836
13,M1T,281.6666666666667,845.2399396358142,1996,3.000851856695198
14,M1V,902.6470588235294,4034.041404336739,1996,4.469123745436596
15,M1W,652.2727272727273,2376.532708274519,1996,3.6434647792361963
16,M1X,47.27272727272727,56.180052929019546,1996,1.1884241965754134
17,M2H,297.20588235294116,1031.6428867819282,1996,3.4711388570594317
18,M2J,480.4761904761905,1048.306349219568,1996,2.181807069733491
19,M2K,133.14814814814815,377.49453797409353,1996,2.8351467386093256
20,M2L,88.4,243.06262567494832,1996,2.7495772135175147
21,M2M,227.30769230769232,610.4399907022153,1996,2.6855228017356336
22,M2N,249.7560975609756,790.9256318679694,1996,3.166792080721362
23,M2P,47.5,94.70348462437906,1996,1.9937575710395592
24,M2R,363.42105263157896,937.4511252264651,1996,2.579517940521772
25,M3A,228.68421052631578,290.3688312676571,1996,1.2697371217688111
26,M3B,85.89285714285714,231.003453790772,1996,2.689437299850984
27,M3C,322.10526315789474,440.6478955663308,1996,1.3680245123791317
28,M3H,200.28571428571428,273.07754748198454,1996,1.3634399660298802
29,M3J,243.28571428571428,427.829977673279,1996,1.7585495265490036
30,M3K,115.47619047619048,275.56826464730227,1996,2.386364353646741
31,M3L,272.2,699.0623434286815,1996,2.5681937671883968
32,M3M,245.0,536.0847340722016,1996,2.188100955396741
33,M3N,545.6410256410256,878.8973128426468,1996,1.610761052672144
34,M4A,113.83333333333333,138.92853878483314,1996,1.2204556847862356
35,M4B,107.74193548387096,148.11089301098676,1996,1.3746819411199371
36,M4C,308.8157894736842,666.037412228123,1996,2.156746626729329
37,M4E,54.166666666666664,80.51483645197878,1996,1.4864277498826852
38,M4G,36.25,24.206145913796355,1996,0.6677557493461064
39,M4H,152.09677419354838,217.84418148977267,1996,1.4322735156273494
40,M4J,267.43243243243245,723.2029187239497,1996,2.7042453757237124
41,M4K,242.03125,525.1470915595339,1996,2.1697491194196368
42,M4L,212.16666666666666,724.5420200988272,1996,3.4149663162552732
43,M4M,374.375,1404.8274749502161,1996,3.752460701035636
44,M4N,32.27272727272727,27.70490901394687,1996,0.8584619694462411
45,M4P,49.516129032258064,47.26989833119397,1996,0.9546363832358392
46,M4R,25.90909090909091,26.570504992137238,1996,1.0255282628544196
47,M4S,82.16666666666667,83.3034946579207,1996,1.0138356347819961
48,M4T,24.210526315789473,19.348817310159788,1996,0.7991902802022521
49,M4V,41.52173913043478,33.76500576583292,1996,0.8131886205383845
50,M4W,25.25,17.711225254058512,1996,0.7014346635270697
51,M4X,250.75757575757575,511.2434651165979,1996,2.0387956917036534
52,M4Y,102.20588235294117,191.94128688861275,1996,1.8779866918598083
53,M5A,217.69230769230768,503.02144287506326,1996,2.310699207553294
54,M5B,62.5,130.20930952015024,1996,2.083348952322404
55,M5C,22.0,16.911534525287763,1996,0.7687061147858074
56,M5E,27.77777777777778,23.934065809486686,1996,0.8616263691415207
57,M5G,45.526315789473685,89.67624130642209,1996,1.9697671500832596
58,M5H,15.0,5.0,1996,0.3333333333333333
59,M5J,40.0,82.83576948325134,1996,2.0708942370812835
60,M5M,66.34615384615384,57.88844863361861,1996,0.8725215446226574
61,M5N,48.6,43.34789498926101,1996,0.8919319956638068
62,M5P,51.36363636363637,73.4101463476055,1996,1.42922408818347
63,M5R,76.48648648648648,134.22381905298604,1996,1.7548697190673088
64,M5S,116.5909090909091,217.30470000583995,1996,1.8638219883541827
65,M5T,284.2857142857143,1027.5071378668604,1996,3.6143467161145844
66,M5V,53.05555555555556,70.27997361523425,1996,1.3246487173552006
67,M6A,149.53125,217.31083503460545,1996,1.4532804014853447
68,M6B,246.57894736842104,472.7788863160668,1996,1.9173530074717757
69,M6C,191.83333333333334,293.3640608905976,1996,1.5292653043819162
70,M6E,567.741935483871,1428.5498166196357,1996,2.5161956997277675
71,M6G,384.19354838709677,832.6242005329988,1996,2.1671998502538172
72,M6H,562.6315789473684,1647.2527914691086,1996,2.9277645498515494
73,M6J,549.074074074074,1642.005344104759,1996,2.9904987717253624
74,M6K,392.9166666666667,709.4974502733921,1996,1.8057199158601707
75,M6L,255.32258064516128,593.2577303764401,1996,2.3235615466417743
76,M6M,344.2307692307692,646.8062945295122,1996,1.878990352823164
77,M6N,405.64102564102564,830.2650020936159,1996,2.0467974135051215
78,M6P,263.2926829268293,383.6102724979775,1996,1.4569727811409983
79,M6R,145.14705882352942,391.78791774549325,1996,2.6992480655211284
80,M6S,163.38235294117646,286.02169957847224,1996,1.7506278642066708
81,M8V,192.96875,403.697479894831,1996,2.0920355233416346
82,M8W,105.88235294117646,200.24055602403982,1996,1.8911608068937096
83,M8X,36.578947368421055,33.83600665356933,1996,0.9250131315364276
84,M8Y,171.3793103448276,414.4915800312063,1996,2.4185625394175014
85,M8Z,116.53846153846153,200.85762863841768,1996,1.7235308067983035
86,M9A,172.625,241.09382898572912,1996,1.3966333322851796
87,M9B,156.28571428571428,210.6667743046311,1996,1.3479592505780784
88,M9C,186.05263157894737,264.91845293146554,1996,1.4238898460248501
89,M9L,227.85714285714286,610.4615182844226,1996,2.6791414595554595
90,M9M,311.85185185185185,555.5046890293615,1996,1.7813095728970025
91,M9N,191.3793103448276,275.7588168838479,1996,1.4409019260597458
92,M9P,157.7941176470588,236.91705912950712,1996,1.501431502405078
93,M9R,261.4634146341463,446.5330456490683,1996,1.7078222827996083
94,M9V,444.375,892.8922019902515,1996,2.0093214109485267
95,M9W,280.14285714285717,430.64152429715784,1996,1.5372211474146378
0,M1B,356.8965517241379,584.3717725975469,2001,1.637370184089745
1,M1C,69.64285714285714,72.12252188647666,2001,1.0356054424724854
2,M1G,183.90625,328.1237723191319,2001,1.7841904357200036
3,M1H,179.80769230769232,259.98328633125175,2001,1.4458963517887797
4,M1J,196.57142857142858,355.426848870424,2001,1.8081307718698896
5,M1K,259.86486486486484,416.56492061843926,2001,1.6030059347771455
6,M1L,153.125,185.79537635527961,2001,1.2133575598712139
7,M1M,66.93548387096774,59.658671859099194,2001,0.8912861819913614
8,M1N,74.2,108.19131203567139,2001,1.4581039357907195
9,M1P,220.78947368421052,352.60781538154265,2001,1.5970318217519215
10,M1R,120.88235294117646,148.82614505955328,2001,1.2311651902736769
11,M1S,386.93548387096774,1041.1490840376837,2001,2.690756282214939
12,M1T,249.72222222222223,531.5228965022794,2001,2.128456537717693
13,M1V,729.6666666666666,2077.4382996587137,2001,2.8471059383171045
14,M1W,493.28125,1157.0096216749614,2001,2.345537402191876
15,M1X,26.11111111111111,16.29208699846131,2001,0.6239522680261779
16,M2H,239.21875,524.5803521849036,2001,2.192889780524744
17,M2J,343.780487804878,534.8601144769523,2001,1.5558187083047212
18,M2K,91.85185185185185,135.65443671430123,2001,1.4768829803573118
19,M2L,73.75,79.98241994338505,2001,1.0845073890628483
20,M2M,201.57894736842104,377.7027257387362,2001,1.873721093743078
21,M2N,258.7837837837838,532.5162164837005,2001,2.057765014088451
22,M2P,44.166666666666664,41.62497914580725,2001,0.9424523580182774
23,M2R,327.65625,1025.3718718523235,2001,3.1294134381759036
24,M3A,160.13513513513513,214.22546372003217,2001,1.337779267112437
25,M3B,67.72727272727273,86.23075902282717,2001,1.2732058379209379
26,M3C,255.0,318.14720972974686,2001,1.2476361165872425
27,M3H,135.0,210.23796041628637,2001,1.5573182253058249
28,M3J,182.64705882352942,266.2325257842609,2001,1.457633796564391
29,M3K,62.25,137.36334117951557,2001,2.2066400189480415
30,M3L,176.53846153846155,362.0262666595882,2001,2.0506934494878633
31,M3M,178.6764705882353,286.1799845621875,2001,1.601665757220473
32,M3N,455.64516129032256,602.3539067095023,2001,1.321980255433244
33,M4A,95.17857142857143,89.30767587048581,2001,0.9383170447930966
34,M4B,85.71428571428571,94.65835452633144,2001,1.1043474694738669
35,M4C,215.67567567567568,285.0442406681058,2001,1.3216336973333225
36,M4E,42.8125,36.14072970693868,2001,0.8441630296511224
37,M4G,20.357142857142858,12.02145191407631,2001,0.5905274624458539
38,M4H,166.4814814814815,243.9217194360109,2001,1.4651582702496762
39,M4J,180.73529411764707,295.0426996837546,2001,1.6324575735146716
40,M4K,138.75,241.90900206023292,2001,1.7434883031368138
41,M4L,167.1153846153846,338.23118253679195,2001,2.0239380312903545
42,M4M,282.04545454545456,622.3975985342145,2001,2.206727988356602
43,M4N,25.476190476190474,15.189655150225317,2001,0.5962294544948256
44,M4P,44.074074074074076,41.94434224499037,2001,0.9516783534577645
45,M4R,23.571428571428573,20.738901629939967,2001,0.8798321903610895
46,M4S,60.74074074074074,69.11750198707115,2001,1.137910093689586
47,M4T,15.833333333333334,6.400954789890506,2001,0.4042708288351899
48,M4V,34.333333333333336,26.574841903992997,2001,0.7740245214755241
49,M4W,21.666666666666668,15.723301886761009,2001,0.7256908563120466
50,M4X,176.09375,267.3882195627502,2001,1.5184424181025742
51,M4Y,70.66666666666667,93.23566318147196,2001,1.319372592190641
52,M5A,179.0,245.29709877343976,2001,1.3703748534829037
53,M5B,52.05882352941177,53.46958518440541,2001,1.0270993764236067
54,M5C,15.625,5.829611908180509,2001,0.3730951621235526
55,M5E,21.428571428571427,21.82958112848018,2001,1.0187137859957418
56,M5G,63.0,38.93584466786357,2001,0.6180292804422789
57,M5H,20.0,14.577379737113251,2001,0.7288689868556626
58,M5J,24.285714285714285,22.269224668742712,2001,0.9169680745952882
59,M5M,41.36363636363637,28.611099967011302,2001,0.691696922279394
60,M5N,31.176470588235293,18.273205372951843,2001,0.5861216817739271
61,M5P,22.894736842105264,14.628360115460312,2001,0.6389398671120596
62,M5R,52.58620689655172,51.838953028872105,2001,0.9857899264506826
63,M5S,73.95833333333333,91.57168374497047,2001,1.238152343593967
64,M5T,284.2857142857143,546.6767254757337,2001,1.9229834564473047
65,M5V,51.0,46.37528077183648,2001,0.9093192308203232
66,M6A,104.64285714285714,156.28458800847764,2001,1.493504595302858
67,M6B,174.84848484848484,290.1657959932062,2001,1.6595270828034323
68,M6C,107.24137931034483,161.2322495276694,2001,1.5034518444702292
69,M6E,398.92857142857144,899.6411557858356,2001,2.2551434522832046
70,M6G,246.92307692307693,417.6216472319011,2001,1.6913026211883844
71,M6H,365.1515151515151,924.5846609288828,2001,2.532057577647563
72,M6J,358.2,882.864519617817,2001,2.4647250687264575
73,M6K,254.7058823529412,364.0861670322308,2001,1.4294376072858945
74,M6L,160.9375,351.65776487054853,2001,2.185057956477195
75,M6M,249.30555555555554,447.4746311520814,2001,1.7948843143704658
76,M6N,257.02702702702703,518.130030976076,2001,2.0158581646808424
77,M6P,162.5,210.63110056759373,2001,1.2961913881082692
78,M6R,94.4,183.30477353304246,2001,1.9417878552229073
79,M6S,78.59375,102.63888742059464,2001,1.305942106345538
80,M8V,118.93939393939394,189.86740818408455,2001,1.5963374446050422
81,M8W,82.14285714285714,109.90603593385524,2001,1.3379865244121507
82,M8X,39.583333333333336,34.48781991112547,2001,0.8712712398600119
83,M8Y,116.875,171.43276439564676,2001,1.4668044012461754
84,M8Z,72.82608695652173,117.63822662276476,2001,1.6153308730290088
85,M9A,124.42857142857143,158.1580196628469,2001,1.2710747848908477
86,M9B,87.08333333333333,115.53243291628354,2001,1.3266882248759833
87,M9C,133.33333333333334,137.27690809072547,2001,1.029576810680441
88,M9L,217.94117647058823,380.97421104448637,2001,1.748059807761476
89,M9M,178.46153846153845,258.7386906884465,2001,1.4498288702369848
90,M9N,120.45454545454545,183.81629348908686,2001,1.5260220591546834
91,M9P,103.66666666666667,145.06282164021982,2001,1.399319822896011
92,M9R,160.12820512820514,254.92705638332237,2001,1.5920184465892029
93,M9V,388.0,807.0893029009509,2001,2.0801270693323475
94,M9W,207.72727272727272,356.9400486735937,2001,1.7183109564155497
0,M1B,480.35714285714283,1152.8909794703998,2006,2.4000704405331743
1,M1C,127.56410256410257,172.42193252001962,2006,1.3516493202574402
2,M1G,237.1590909090909,539.3792704742697,2006,2.274335208516326
3,M1H,211.58536585365854,390.81284745650476,2006,1.8470693655004835
4,M1J,229.3877551020408,482.65912323068915,2006,2.1041189535857447
5,M1K,301.7,524.6271151970703,2006,1.738903265485815
6,M1L,203.40425531914894,363.4572560882075,2006,1.7868714472955807
7,M1M,79.58333333333333,119.63413555038917,2006,1.5032561535127436
8,M1N,85.0,85.17445332962225,2006,1.002052392113203
9,M1P,346.7391304347826,643.8861442286816,2006,1.8569757137629688
10,M1R,185.2325581395349,262.4171042717798,2006,1.4166899540096085
11,M1S,541.8918918918919,1466.55846049258,2006,2.706367233826706
12,M1T,358.9130434782609,826.8450468914947,2006,2.3037475564511665
13,M1V,860.7692307692307,2571.310535470674,2006,2.987224035846181
14,M1W,588.0434782608696,1585.820141078039,2006,2.6967736225356664
15,M1X,209.23076923076923,446.92258043134086,2006,2.1360270388262617
16,M2H,326.0,796.2334770656155,2006,2.442433978728882
17,M2J,485.0,969.650783276863,2006,1.999279965519305
18,M2K,189.72222222222223,371.1523804398576,2006,1.9562936597122802
19,M2L,103.33333333333333,128.63240764401598,2006,1.2448297513937032
20,M2M,318.2926829268293,589.4381468575398,2006,1.851874637636715
21,M2N,529.5833333333334,1179.024505564758,2006,2.2263247941427373
22,M2P,81.17647058823529,90.78950139753957,2006,1.1184213940276615
23,M2R,365.8695652173913,1309.482682600364,2006,3.579097052858986
24,M3A,225.30612244897958,286.29834617709565,2006,1.270708239372979
25,M3B,95.9090909090909,139.96457639212895,2006,1.4593462941359416
26,M3C,301.875,410.1582837251167,2006,1.3587023891515253
27,M3H,221.9512195121951,440.59255837850105,2006,1.9850873509361038
28,M3J,237.73809523809524,364.6462773653008,2006,1.5338150875656118
29,M3K,107.85714285714286,222.59065263271006,2006,2.0637543952701596
30,M3L,201.71875,439.32940619589476,2006,2.177930441249982
31,M3M,212.82051282051282,453.2981625758137,2006,2.1299552217417754
32,M3N,415.0,670.8827922448396,2006,1.6165850415538303
33,M4A,121.97368421052632,134.12748979238202,2006,1.0996428505092808
34,M4B,113.67647058823529,138.78839597794726,2006,1.2209069762613731
35,M4C,264.0217391304348,415.12258478306796,2006,1.5723045615497016
36,M4E,31.96969696969697,25.993571289705866,2006,0.8130690545595199
37,M4G,29.838709677419356,18.027034848577895,2006,0.6041492760063942
38,M4H,236.44736842105263,627.7108661162742,2006,2.654759366991477
39,M4J,189.45652173913044,359.18874210847264,2006,1.8958900903028963
40,M4K,152.05128205128204,255.3396881499431,2006,1.6792998040215483
41,M4L,139.42857142857142,306.4118876577069,2006,2.1976262434466687
42,M4M,245.0,522.3725461039055,2006,2.1321328412404306
43,M4N,34.791666666666664,26.039999946663254,2006,0.7484550882873271
44,M4P,70.73529411764706,88.40192599163856,2006,1.2497569578859506
45,M4R,32.5,33.63406011768428,2006,1.0348941574672086
46,M4S,70.0,72.68352452132537,2006,1.0383360645903623
47,M4T,22.8,17.83704011320264,2006,0.7823263207545017
48,M4V,35.806451612903224,30.824601982976993,2006,0.8608672625876458
49,M4W,49.375,44.56531956951878,2006,0.9025887507750638
50,M4X,175.26315789473685,245.11529877853576,2006,1.39855575879645
51,M4Y,96.35135135135135,118.64464685734279,2006,1.2313750164717203
52,M5A,191.86046511627907,269.2043039667127,2006,1.4031254630992298
53,M5B,66.15384615384616,75.79460723037688,2006,1.14573243487779
54,M5C,16.666666666666668,9.7182531580755,2006,0.58309518948453
55,M5E,29.444444444444443,17.471316881684878,2006,0.5933654790006185
56,M5G,58.86363636363637,75.63266216904479,2006,1.2848792028718032
57,M5H,10.0,0.0,2006,0.0
58,M5J,41.73913043478261,44.978465756988115,2006,1.0776090754278402
59,M5M,52.666666666666664,54.263759135868526,2006,1.0303245405544657
60,M5N,66.66666666666667,73.05502745901228,2006,1.095825411885184
61,M5P,46.40625,51.13148453680472,2006,1.1018232358099334
62,M5R,62.972972972972975,72.77751601358332,2006,1.1556944603015378
63,M5S,77.05882352941177,116.05727317768347,2006,1.5060867511607778
64,M5T,265.3448275862069,619.4852298961235,2006,2.334642191941206
65,M5V,57.58064516129032,57.72391140568062,2006,1.0024880972415122
66,M6A,118.22916666666667,209.27327026953435,2006,1.770064664834828
67,M6B,188.75,331.1603652311067,2006,1.7544920012244065
68,M6C,148.39285714285714,204.58605232547612,2006,1.3786785716277572
69,M6E,430.4166666666667,1081.9679697199917,2006,2.5137687583039496
70,M6G,231.94444444444446,470.5615406939318,2006,2.0287683191594663
71,M6H,409.75,1116.443544251119,2006,2.7246944338038293
72,M6J,302.57575757575756,808.0842676693618,2006,2.6706841094731035
73,M6K,280.8333333333333,451.79788552524167,2006,1.6087758535023444
74,M6L,216.25,463.17049746526624,2006,2.1418288900127918
75,M6M,314.3333333333333,567.6526715832101,2006,1.8058939711024713
76,M6N,308.75,727.4702886258196,2006,2.3561790724722904
77,M6P,170.7843137254902,253.70658625822776,2006,1.485537990719818
78,M6R,83.75,138.1518639034595,2006,1.6495744943696657
79,M6S,109.6590909090909,163.96506601072323,2006,1.4952254724293932
80,M8V,154.7674418604651,260.87944620378863,2006,1.6856222669816545
81,M8W,122.5,202.3656053663619,2006,1.651964125439689
82,M8X,51.578947368421055,70.22618779005127,2006,1.361528130623443
83,M8Y,143.4848484848485,227.8239779346036,2006,1.5877911872950197
84,M8Z,86.21621621621621,143.17540463987203,2006,1.6606551635345659
85,M9A,161.875,231.6845579122614,2006,1.4312559562147422
86,M9B,155.4878048780488,170.32538758551834,2006,1.0954260221186276
87,M9C,191.8181818181818,216.22297757883607,2006,1.1272287930650222
88,M9L,241.25,442.59238677742,2006,1.8345798415644352
89,M9M,210.8139534883721,402.1713308282726,2006,1.9077073607959978
90,M9N,152.25,270.0808906605575,2006,1.7739303163255007
91,M9P,129.76190476190476,210.00269947514502,2006,1.6183694271479065
92,M9R,248.04347826086956,355.7913382454812,2006,1.4343910218485658
93,M9V,479.0,1001.8652604018167,2006,2.091576744053897
94,M9W,259.5833333333333,499.23570056860143,2006,1.9232193922385932
0,M1B,305.55555555555554,964.2153282822942,2011,3.155613801651145
1,M1C,93.15789473684211,161.1353130270947,2011,1.729701100290847
2,M1G,158.15384615384616,451.7756158765009,2011,2.856557882487603
3,M1H,139.08333333333334,317.4960520314474,2011,2.282775688662294
4,M1J,151.52777777777777,392.1058166498136,2011,2.5876827496596317
5,M1K,200.28169014084506,450.9800652381587,2011,2.2517288770681625
6,M1L,147.42857142857142,385.261268359485,2011,2.6132062776321656
7,M1M,63.416666666666664,107.90231564810007,2011,1.7014819813103823
8,M1N,39.166666666666664,57.248847635175665,2011,1.4616727055789531
9,M1P,232.53623188405797,531.2547515138957,2011,2.284610648454896
10,M1R,125.0,224.63550723585777,2011,1.797084057886862
11,M1S,333.42105263157896,1110.6064243161143,2011,3.330942709077533
12,M1T,235.46875,631.5170961846064,2011,2.681957143716975
13,M1V,585.7894736842105,2100.528711529403,2011,3.585808222736627
14,M1W,380.90909090909093,1198.5439111217631,2011,3.1465353275273014
15,M1X,152.02702702702703,558.7394831944049,2011,3.6752641561231965
16,M2H,179.92424242424244,568.1492364395559,2011,3.1577136509482684
17,M2J,313.93333333333334,759.0793956424385,2011,2.417963672677124
18,M2K,134.27272727272728,318.6910989170009,2011,2.373461129375091
19,M2L,61.2,115.47969518491111,2011,1.886923123936456
20,M2M,240.63492063492063,614.9638601224786,2011,2.5555886007728335
21,M2N,375.6666666666667,1088.7541299832367,2011,2.898192005279246
22,M2P,41.05263157894737,67.2598837849056,2011,1.6383817845041106
23,M2R,261.969696969697,1040.7747255697348,2011,3.972882121897194
24,M3A,141.30769230769232,214.77228893568773,2011,1.5198909941012195
25,M3B,64.0625,121.00557945986071,2011,1.8888675818124598
26,M3C,196.40845070422534,325.93547177251446,2011,1.6594778412225548
27,M3H,133.828125,343.89626682181995,2011,2.569686056812198
28,M3J,138.08823529411765,248.47924136837568,2011,1.799423686160761
29,M3K,64.66666666666667,147.91288727566044,2011,2.2873126898298004
30,M3L,131.44230769230768,359.24645565734795,2011,2.7331112939549516
31,M3M,130.65573770491804,342.30950836378923,2011,2.6199347566111846
32,M3N,249.6875,518.8357421609945,2011,2.077940394136649
33,M4A,68.15789473684211,88.78631739728469,2011,1.3026563942458758
34,M4B,50.0,81.42091303445989,2011,1.6284182606891977
35,M4C,141.06666666666666,341.50284853212486,2011,2.4208614026379363
36,M4E,20.520833333333332,25.15037241551083,2011,1.2256019045122029
37,M4G,23.11111111111111,23.38776719400524,2011,1.0119706958944574
38,M4H,160.17241379310346,529.757561269077,2011,3.3074207269759377
39,M4J,116.29310344827586,253.69945622797184,2011,2.181552032797979
40,M4K,85.57377049180327,186.85073020351487,2011,2.1835047016119553
41,M4L,67.0,164.52023915284434,2011,2.4555259575051394
42,M4M,105.56603773584905,340.32124166118393,2011,3.22377583700496
43,M4N,21.25,25.829972899714782,2011,1.2155281364571662
44,M4P,49.473684210526315,80.55010541841531,2011,1.6281404286700967
45,M4R,20.833333333333332,24.986107250941586,2011,1.1993331480451963
46,M4S,58.8235294117647,84.4566731670459,2011,1.4357634438397804
47,M4T,15.675675675675675,13.860412329684417,2011,0.8841987175833163
48,M4V,24.65909090909091,32.98411682628349,2011,1.3376047376557358
49,M4W,26.21951219512195,33.03325168425321,2011,1.2598728549343086
50,M4X,98.25396825396825,181.62878314079336,2011,1.8485643518368307
51,M4Y,70.67796610169492,121.67077566162118,2011,1.7214809985697
52,M5A,103.0,204.57516955877122,2011,1.9861666947453516
53,M5B,44.680851063829785,67.31479126224744,2011,1.5065691377741095
54,M5C,11.206896551724139,9.970229168828252,2011,0.8896512181415979
55,M5E,22.87878787878788,23.678090596336904,2011,1.034936410171017
56,M5G,51.875,90.91677169257606,2011,1.7526124663629121
57,M5H,11.538461538461538,8.854511102477952,2011,0.7673909622147559
58,M5J,35.853658536585364,49.29877106052975,2011,1.3749997370623945
59,M5M,41.666666666666664,53.70702416299421,2011,1.288968579911861
60,M5N,40.58139534883721,62.95263356263665,2011,1.5512683342082383
61,M5P,32.25,43.530879844083096,2011,1.3497947238475378
62,M5R,38.421052631578945,54.99727182019028,2011,1.4314358418953634
63,M5S,53.40425531914894,93.4737782264888,2011,1.7503058074282765
64,M5T,116.69491525423729,371.23432474981416,2011,3.1812382222569404
65,M5V,63.68421052631579,116.9440048784388,2011,1.8363108204052374
66,M5W,,,2011,
67,M6A,85.42372881355932,203.9177470759635,2011,2.387132356643223
68,M6B,136.93548387096774,283.52099944799795,2011,2.0704713740607623
69,M6C,72.45283018867924,139.84365475418932,2011,1.9301337765552171
70,M6E,223.3050847457627,727.3218869677172,2011,3.2570771408801
71,M6G,125.3061224489796,283.41288868490034,2011,2.2617640953680973
72,M6H,196.07692307692307,692.8888757101245,2011,3.5337604488943186
73,M6J,156.22448979591837,536.3039903007386,2011,3.432906012375727
74,M6K,156.953125,334.46157429177777,2011,2.1309647341636415
75,M6L,127.5,327.17343549950954,2011,2.566066160780467
76,M6M,204.6969696969697,535.9223702743841,2011,2.6181255690680496
77,M6N,204.05797101449275,603.8759322633232,2011,2.9593351794154334
78,M6P,105.63380281690141,192.02209669184677,2011,1.8178091820161495
79,M6R,40.88235294117647,93.36679660451652,2011,2.283792147160836
80,M6S,76.9090909090909,121.51128233846103,2011,1.5799339311147416
81,M8V,83.14285714285714,170.2291972366572,2011,2.0474302073137465
82,M8W,74.6938775510204,130.30736099646313,2011,1.7445521007723206
83,M8X,25.27027027027027,38.37837837837838,2011,1.518716577540107
84,M8Y,84.89795918367346,169.07759900599186,2011,1.9915390267532695
85,M8Z,61.2,107.5153942465915,2011,1.7567874876894034
86,M9A,108.28358208955224,182.0684475168569,2011,1.6814039949868247
87,M9B,109.6774193548387,162.38115000581575,2011,1.4805340147589083
88,M9C,128.08823529411765,212.07141799917298,2011,1.6556666387995134
89,M9L,117.27272727272727,279.43623143396513,2011,2.382789570367145
90,M9M,134.56140350877192,291.9809545305249,2011,2.1698715004224147
91,M9N,94.04761904761905,213.05014154370184,2011,2.2653432771735384
92,M9P,79.41176470588235,152.6109273797566,2011,1.921767233671009
93,M9R,146.95652173913044,248.9386418075811,2011,1.6939611720634216
94,M9V,323.65671641791045,780.6415186651583,2011,2.4119428983428914
95,M9W,172.8985507246377,415.4754616981151,2011,2.403001413006701
0,M1B,449.11504424778764,1255.8675085988182,2016,2.7963158319540184
1,M1C,169.27083333333334,371.64820056424196,2016,2.19558321564106
2,M1G,307.5520833333333,882.233787394622,2016,2.8685670987259515
3,M1H,272.25274725274727,643.8228306123722,2016,2.3647982880212255
4,M1J,270.0952380952381,679.4272731508016,2016,2.5155100028502884
5,M1K,372.33644859813086,862.544951492035,2016,2.3165740414068208
6,M1L,324.41747572815535,932.8725084255362,2016,2.8755310000846994
7,M1M,148.1547619047619,329.71468524741255,2016,2.22547477386763
8,M1N,87.5,185.7112878433415,2016,2.122414718209617
9,M1P,411.4864864864865,1011.3708462063378,2016,2.457847048251855
10,M1R,210.0,434.9419614200515,2016,2.0711521972383404
11,M1S,688.780487804878,2481.2986569506566,2016,3.602452016111081
12,M1T,399.0686274509804,1266.7516219689087,2016,3.1742701250664216
13,M1V,1105.5294117647059,4456.526741990463,2016,4.031124540483019
14,M1W,682.843137254902,2604.521474791287,2016,3.814231018359099
15,M1X,251.16071428571428,701.1285488610921,2016,2.791553411746972
16,M2H,357.9891304347826,1281.4659276761502,2016,3.579622448647512
17,M2J,614.0086206896551,1718.628941796587,2016,2.7990306387982327
18,M2K,301.0,790.9913610990536,2016,2.62787827607659
19,M2L,133.81944444444446,311.1219538661153,2016,2.324938316384048
20,M2M,438.7113402061856,1105.8131957487296,2016,2.5205940544619145
21,M2N,852.4774774774775,2506.549607364159,2016,2.940311824754786
22,M2P,94.19354838709677,196.69895441525387,2016,2.0882423242715307
23,M2R,487.9611650485437,1468.1106074725426,2016,3.008662804808434
24,M3A,233.44036697247705,548.7578539061817,2016,2.350741052300012
25,M3B,134.51388888888889,317.5329813602725,2016,2.360596247593146
26,M3C,397.33644859813086,1021.573671013018,2016,2.571054517191413
27,M3H,266.8279569892473,656.5909779586423,2016,2.460727823903032
28,M3J,231.74757281553397,499.0246354299088,2016,2.1533111625169923
29,M3K,93.82352941176471,220.7953276255382,2016,2.353304432372507
30,M3L,194.44444444444446,538.1352117942474,2016,2.7675525177989866
31,M3M,217.1195652173913,598.384252771602,2016,2.7560125784724594
32,M3N,336.94444444444446,759.2079307401665,2016,2.253213974167023
33,M4A,127.5,276.02607909663794,2016,2.1649104242873562
34,M4B,95.33707865168539,207.1255898567056,2016,2.1725606950202474
35,M4C,281.8141592920354,814.9279413138487,2016,2.8917210666812654
36,M4E,36.4,70.48668905072317,2016,1.9364475013934939
37,M4G,53.73134328358209,99.36493601938204,2016,1.8492918648051657
38,M4H,391.53409090909093,1239.7397907778106,2016,3.1663648697851494
39,M4J,175.15463917525773,454.5794780452825,2016,2.595303671006027
40,M4K,136.78571428571428,353.4781623021282,2016,2.5841745546891883
41,M4L,119.38271604938272,309.88088384151877,2016,2.5956930290758033
42,M4M,168.1875,577.3031286453851,2016,3.432497234606526
43,M4N,56.40625,97.74995504314823,2016,1.732963191900689
44,M4P,113.65853658536585,247.7189211395475,2016,2.1795012374938727
45,M4R,49.0,82.17765308565745,2016,1.6770949609317847
46,M4S,115.66666666666667,265.0683350048099,2016,2.291657074969538
47,M4T,37.16981132075472,64.53395649945719,2016,1.7361927383102695
48,M4V,64.02985074626865,122.22819008811561,2016,1.9089251132642766
49,M4W,58.5,105.44920916861214,2016,1.80255058407884
50,M4X,145.04807692307693,302.263492407627,2016,2.0838848664496656
51,M4Y,173.27956989247312,426.1022989289112,2016,2.4590452249698256
52,M5A,179.55752212389382,393.11303375832546,2016,2.1893431648442965
53,M5B,91.5,198.23817745328472,2016,2.166537458505844
54,M5C,16.904761904761905,19.178124348192632,2016,1.134480595245198
55,M5E,43.75,76.38308058726095,2016,1.7458989848516788
56,M5G,117.95081967213115,260.6130493964598,2016,2.2095060476975745
57,M5H,23.10810810810811,34.667364342776324,2016,1.500225123605525
58,M5J,100.61538461538461,192.52473905430696,2016,1.9134721771452528
59,M5M,97.5,178.42163630857752,2016,1.829965500600795
60,M5N,87.32758620689656,144.93820180493978,2016,1.6597069505797644
61,M5P,64.71428571428571,115.56966270944773,2016,1.7858446776294352
62,M5R,84.35897435897436,163.1743580879348,2016,1.9342857037779504
63,M5S,132.42424242424244,328.77670697400157,2016,2.482753164792231
64,M5T,194.6987951807229,683.8790623540535,2016,3.512497659367973
65,M5V,183.80208333333334,454.2030249924874,2016,2.4711527571141283
66,M6A,140.77777777777777,326.52710548633485,2016,2.319450630921084
67,M6B,207.81914893617022,549.6418362387973,2016,2.6448084262322467
68,M6C,119.21052631578948,286.5287399835575,2016,2.4035523442329327
69,M6E,337.9896907216495,1273.9662596872627,2016,3.769245910924645
70,M6G,172.1951219512195,492.3284011819256,2016,2.8591309417080666
71,M6H,342.27777777777777,1125.84392077704,2016,3.289269692255595
72,M6J,263.57142857142856,726.2718611694459,2016,2.755502996306841
73,M6K,231.26315789473685,493.3670398507386,2016,2.133357705317258
74,M6L,187.37373737373738,578.4987290498527,2016,3.087405615953392
75,M6M,319.76635514018693,1024.4778435633127,2016,3.2038325080015917
76,M6N,319.95327102803736,1091.9459811976901,2016,3.4128295600453584
77,M6P,184.95192307692307,507.56417517332585,2016,2.7443033126085723
78,M6R,78.92307692307692,176.8799947545756,2016,2.2411695241807825
79,M6S,146.32183908045977,399.2165170106181,2016,2.7283454029790866
80,M8V,177.80701754385964,497.84713494738065,2016,2.7999296193389935
81,M8W,140.9493670886076,370.67427096822786,2016,2.6298399107759316
82,M8X,42.3728813559322,89.81315790225705,2016,2.1195905264932664
83,M8Y,152.83333333333334,476.30175425995526,2016,3.1164782176223897
84,M8Z,128.97260273972603,301.13706762198086,2016,2.3348917616999048
85,M9A,225.69306930693068,625.8111685363541,2016,2.7728417645172962
86,M9B,230.6315789473684,603.5762900828184,2016,2.6170583093504223
87,M9C,292.029702970297,856.107984021789,2016,2.931578450116992
88,M9L,219.20289855072463,574.5058514279311,2016,2.6208861982497353
89,M9M,254.0909090909091,655.3358548443906,2016,2.5791393213911618
90,M9N,157.05263157894737,397.6188963110293,2016,2.531755707074248
91,M9P,153.87755102040816,447.0718397575568,2016,2.90537402494964
92,M9R,253.37962962962962,645.3745068016649,2016,2.547065475409458
93,M9V,560.9649122807018,1643.6014794743446,2016,2.9299541620027405
94,M9W,344.9519230769231,1005.2961903742188,2016,2.914308119830488
